Nome,Sobrenome,Email,Telefone,Endereço,Cidade,CEP,Data de Nascimento
Nome0,Sobrenome0,email0@example.com,5534988880344,Endereço0,Cidade0,95394-722,10/7/1975
Nome1,Sobrenome1,email1@example.com,34988880344,Endereço1,Cidade1,69796-569,21/10/1969
Nome2,Sobrenome2,email2@example.com,5534988880344,Endereço2,Cidade2,30656-767,2/2/1986
Nome3,Sobrenome3,email3@example.com,5534988880345,Endereço3,Cidade3,93796-200,4/3/1958
Nome4,Sobrenome4,email4@example.com,34988880346,Endereço4,Cidade4,82469-127,14/3/1991
Nome5,Sobrenome5,email5@example.com,5534988880347,Endereço5,Cidade5,87564-547,3/7/1953
Nome6,Sobrenome6,email6@example.com,5534988880348,Endereço6,Cidade6,94709-851,1/10/1957
Nome7,Sobrenome7,email7@example.com,34988880349,Endereço7,Cidade7,89975-785,18/12/1994
Nome8,Sobrenome8,email8@example.com,5534988880350,Endereço8,Cidade8,86464-156,1/8/1969
Nome9,Sobrenome9,email9@example.com,5534988880351,Endereço9,Cidade9,73777-258,9/2/1958
Nome10,Sobrenome10,email10@example.com,34988880352,Endereço10,Cidade10,36170-560,12/7/1958
